trajectory_id,embedding_type,point_index,curvature
0,PCA,1,77370.65373641899
0,PCA,2,20.736632638546933
0,PCA,3,13.09709097466519
0,PCA,4,15.238884058220517
0,PCA,5,31.39975129582756
0,PCA,6,56.472895880992326
0,PCA,7,87.57699442596054
0,PCA,8,162.53718754120405
1,PCA,1,149397.27900484766
1,PCA,2,19.69201498462902
1,PCA,3,18.803233380936955
1,PCA,4,20.955634856840426
1,PCA,5,60.17709563993252
1,PCA,6,109.8442434077858
1,PCA,7,100.80533118251641
1,PCA,8,85.93499219013188
2,PCA,1,69243.09134087694
2,PCA,2,10.930249654242584
2,PCA,3,14.819670583634279
2,PCA,4,13.576692192341682
2,PCA,5,26.670135282119904
2,PCA,6,56.45492392360503
2,PCA,7,77.41698609469813
2,PCA,8,74.6846557585452
3,PCA,1,9333.48820912464
3,PCA,2,1.8380422853546545
3,PCA,3,1.452134358952281
3,PCA,4,3.8646217492719503
3,PCA,5,9.853220364504997
3,PCA,6,19.586558356339985
3,PCA,7,34.2347645368155
3,PCA,8,55.984731908253494
4,PCA,1,61287.52917195683
4,PCA,2,7.535475144593006
4,PCA,3,9.931203328371723
4,PCA,4,22.85690525067917
4,PCA,5,51.17177880223832
4,PCA,6,84.84340819361027
4,PCA,7,86.2602722598159
4,PCA,8,68.70134155227981
5,PCA,1,4582.152314572061
5,PCA,2,1.2536037108628733
5,PCA,3,2.358800897603303
5,PCA,4,4.30176692639803
5,PCA,5,6.10584176952044
5,PCA,6,8.148910575990927
5,PCA,7,14.024075524460043
5,PCA,8,31.173903089914095
6,PCA,1,109302.74983413302
6,PCA,2,3.576044450109058
6,PCA,3,5.5629926990230665
6,PCA,4,9.335682196919088
6,PCA,5,20.31962624649317
6,PCA,6,44.92503998791535
6,PCA,7,79.91063244181505
6,PCA,8,112.31345395818522
7,PCA,1,7826.8012194909525
7,PCA,2,1.7301408532408262
7,PCA,3,1.6235385252706669
7,PCA,4,3.124698051010763
7,PCA,5,8.077302831448264
7,PCA,6,17.077145973615316
7,PCA,7,30.351529550591696
7,PCA,8,50.358586210476226
8,PCA,1,11045.759917731217
8,PCA,2,1.591426933438961
8,PCA,3,0.5901623223119781
8,PCA,4,3.169274702281817
8,PCA,5,9.066894309017648
8,PCA,6,17.411371619104212
8,PCA,7,28.76252634771945
8,PCA,8,54.3730971410473
9,PCA,1,923.178570687613
9,PCA,2,0.9773253507687786
9,PCA,3,1.323346838902316
9,PCA,4,2.4361836955891816
9,PCA,5,5.305765477711828
9,PCA,6,10.415863207394452
9,PCA,7,18.920734647036788
9,PCA,8,35.29857480737636
10,PCA,1,2142.324315574549
10,PCA,2,2.0356903002116216
10,PCA,3,0.882193602717308
10,PCA,4,2.6044461585938388
10,PCA,5,8.09426184198194
10,PCA,6,17.05220382746867
10,PCA,7,30.606951765639767
10,PCA,8,59.19705031858635
11,PCA,1,45408.63269157258
11,PCA,2,19.970058391345276
11,PCA,3,13.391569675520932
11,PCA,4,15.13404954210832
11,PCA,5,44.0400594761015
11,PCA,6,98.04619481052286
11,PCA,7,135.57632062540483
11,PCA,8,137.33793218751828
12,PCA,1,1900.3738807929944
12,PCA,2,0.7568107612153864
12,PCA,3,1.3305204469936278
12,PCA,4,2.130227908905799
12,PCA,5,3.2442571499882646
12,PCA,6,5.1189444810606295
12,PCA,7,8.790390350228893
12,PCA,8,18.48195003223813
13,PCA,1,202586.78437019137
13,PCA,2,30.25170559309293
13,PCA,3,64.48272058482964
13,PCA,4,38.38009818335592
13,PCA,5,108.30112174119229
13,PCA,6,302.390416406343
13,PCA,7,417.3967435836245
13,PCA,8,283.6384377771794
14,PCA,1,9085.579847643918
14,PCA,2,2.430123021394482
14,PCA,3,2.8085268927922904
14,PCA,4,4.152024505237018
14,PCA,5,6.8909212999842735
14,PCA,6,11.463330694652301
14,PCA,7,20.01427791645667
14,PCA,8,41.33307901056924
15,PCA,1,21483.680230985017
15,PCA,2,7.835013874137203
15,PCA,3,8.332477546148912
15,PCA,4,11.476988897290267
15,PCA,5,19.803907672976777
15,PCA,6,28.75694132060282
15,PCA,7,36.113413005177044
15,PCA,8,54.711265400838506
16,PCA,1,18154.21534018577
16,PCA,2,3.7307810708087947
16,PCA,3,4.061203324275805
16,PCA,4,3.810150510812519
16,PCA,5,16.237742228151532
16,PCA,6,33.08287944874991
16,PCA,7,44.21377700662043
16,PCA,8,58.22729682026853
17,PCA,1,41053.93505726768
17,PCA,2,4.848934677698999
17,PCA,3,8.098350327600796
17,PCA,4,14.992419296859868
17,PCA,5,27.63794053106961
17,PCA,6,43.15130227911655
17,PCA,7,49.72399866536765
17,PCA,8,64.60537897066223
18,PCA,1,13715.933556156115
18,PCA,2,0.45522576482111765
18,PCA,3,2.6229221792560633
18,PCA,4,6.350084196125698
18,PCA,5,11.986163350106503
18,PCA,6,19.7854524776401
18,PCA,7,31.610116140473824
18,PCA,8,58.950002095325104
19,PCA,1,67253.79074924624
19,PCA,2,6.240655397054782
19,PCA,3,5.35864191327569
19,PCA,4,6.944241797696738
19,PCA,5,15.20802689152981
19,PCA,6,26.02046188502369
19,PCA,7,41.695752724759394
19,PCA,8,76.74740321293766
20,PCA,1,24519.029403939767
20,PCA,2,8.778476856613361
20,PCA,3,9.90935214940203
20,PCA,4,9.092408011238266
20,PCA,5,18.013726230476585
20,PCA,6,36.32502531603103
20,PCA,7,56.64263183079929
20,PCA,8,86.00053922654337
21,PCA,1,21098.861374755827
21,PCA,2,1.597076962779528
21,PCA,3,1.517746660603531
21,PCA,4,2.0106112839933528
21,PCA,5,8.85816103985973
21,PCA,6,20.412303881044792
21,PCA,7,39.07727985084488
21,PCA,8,79.11340544855594
22,PCA,1,11503.225060490997
22,PCA,2,2.2211542821552808
22,PCA,3,3.826657763907425
22,PCA,4,7.859960041087066
22,PCA,5,11.96169732045921
22,PCA,6,15.264385272825846
22,PCA,7,21.85939240076904
22,PCA,8,44.38219564730056
23,PCA,1,30108.829700934828
23,PCA,2,3.6300474976371166
23,PCA,3,3.679595275378576
23,PCA,4,10.820825914155723
23,PCA,5,23.051196576820814
23,PCA,6,39.310966690475766
23,PCA,7,54.94068945318542
23,PCA,8,77.26558703461292
24,PCA,1,4913.3511672383065
24,PCA,2,1.5991982620941587
24,PCA,3,2.7543701330856663
24,PCA,4,4.454355511271583
24,PCA,5,7.638771782257824
24,PCA,6,12.406325044420797
24,PCA,7,20.40377318934756
24,PCA,8,40.745263830138015
25,PCA,1,5123.778460694699
25,PCA,2,0.31727179212027284
25,PCA,3,0.20406822424898852
25,PCA,4,2.6819628547043965
25,PCA,5,8.229443330022693
25,PCA,6,16.409089153598426
25,PCA,7,25.2068178837951
25,PCA,8,36.58902151927487
26,PCA,1,21126.761880512102
26,PCA,2,7.635067694168523
26,PCA,3,10.572807398703006
26,PCA,4,16.432361729049713
26,PCA,5,32.24514888371156
26,PCA,6,48.186034434149164
26,PCA,7,52.07458713125425
26,PCA,8,72.94323381544326
27,PCA,1,18204.484637856356
27,PCA,2,0.7245209423300096
27,PCA,3,2.207605841707478
27,PCA,4,6.10688402239621
27,PCA,5,12.743056847303514
27,PCA,6,21.294309477773428
27,PCA,7,28.937369633860552
27,PCA,8,41.85634806491794
28,PCA,1,14732.713025270208
28,PCA,2,3.294214503680446
28,PCA,3,2.0662729048315014
28,PCA,4,4.27160626264482
28,PCA,5,10.078283381313529
28,PCA,6,18.81482391289456
28,PCA,7,29.835932525054513
28,PCA,8,47.226879916432345
29,PCA,1,10503.609165471185
29,PCA,2,0.9415843376927496
29,PCA,3,3.072332759936803
29,PCA,4,5.434536333578292
29,PCA,5,13.30257883350748
29,PCA,6,24.109130542865937
29,PCA,7,37.80842787413705
29,PCA,8,67.43233943929494
30,PCA,1,167635.56042966153
30,PCA,2,8.135775229860139
30,PCA,3,2.3268789172526123
30,PCA,4,8.195893705731502
30,PCA,5,17.443340884493356
30,PCA,6,28.915331972437105
30,PCA,7,59.03984998337935
30,PCA,8,145.53190400065748
31,PCA,1,16102.251193407194
31,PCA,2,3.511063352194368
31,PCA,3,6.529829002882286
31,PCA,4,9.143475344239887
31,PCA,5,16.555743588940118
31,PCA,6,27.577824938074308
31,PCA,7,38.38948871371314
31,PCA,8,62.04199968546237
32,PCA,1,117633.90855813953
32,PCA,2,15.069787775803405
32,PCA,3,11.562407488832012
32,PCA,4,8.462972867275528
32,PCA,5,45.584861045192376
32,PCA,6,112.827283766746
32,PCA,7,211.27699734190526
32,PCA,8,286.8964450458949
33,PCA,1,37004.91079584982
33,PCA,2,4.471407264845714
33,PCA,3,2.567137554990488
33,PCA,4,6.2084802055855555
33,PCA,5,21.224300937370383
33,PCA,6,44.49403087356585
33,PCA,7,64.64873311244882
33,PCA,8,67.44020574848187
34,PCA,1,43293.71993180099
34,PCA,2,5.9600263081958555
34,PCA,3,3.3607711068235804
34,PCA,4,6.971950955242509
34,PCA,5,20.187071620715113
34,PCA,6,41.652821679734544
34,PCA,7,70.39312362577141
34,PCA,8,112.26283676708073
35,PCA,1,30552.25999929694
35,PCA,2,2.7536157464397886
35,PCA,3,6.426037078749993
35,PCA,4,16.311343340129447
35,PCA,5,24.675818507165175
35,PCA,6,34.65668207409551
35,PCA,7,62.90624865087243
35,PCA,8,156.9267845588599
36,PCA,1,31349.035239397614
36,PCA,2,4.617918862934165
36,PCA,3,0.4683369131504544
36,PCA,4,7.351031111741152
36,PCA,5,19.362063135210192
36,PCA,6,36.48402297643139
36,PCA,7,57.525101839963966
36,PCA,8,92.70785675461512
37,PCA,1,32894.85367768604
37,PCA,2,3.6704505151599314
37,PCA,3,4.182153927750323
37,PCA,4,5.243808512086645
37,PCA,5,12.569137570352403
37,PCA,6,24.454620554088354
37,PCA,7,39.41709609856916
37,PCA,8,67.26257336754972
38,PCA,1,2155913.418661524
38,PCA,2,709.2306315882344
38,PCA,3,291.0455267693417
38,PCA,4,109.53367359593355
38,PCA,5,175.83143483728693
38,PCA,6,453.8808755714606
38,PCA,7,364.30928746473836
38,PCA,8,529.7663652026753
39,PCA,1,47716.76180439946
39,PCA,2,3.676260098415073
39,PCA,3,2.7703799150346873
39,PCA,4,6.957643728928226
39,PCA,5,17.81354517223955
39,PCA,6,35.501807817229526
39,PCA,7,54.02167378216113
39,PCA,8,65.83195466787281
40,PCA,1,3666.743348916796
40,PCA,2,3.0735202863640314
40,PCA,3,5.282456112810137
40,PCA,4,7.327298681399395
40,PCA,5,8.254219769722702
40,PCA,6,11.0461433390612
40,PCA,7,20.39907957531142
40,PCA,8,48.634532004183214
41,PCA,1,84640.70623937264
41,PCA,2,3.1383924594313912
41,PCA,3,1.5440700931311235
41,PCA,4,3.6824066835214855
41,PCA,5,13.420556371850026
41,PCA,6,28.736556437843483
41,PCA,7,47.1624068089823
41,PCA,8,79.23586661540351
42,PCA,1,43652.73391604942
42,PCA,2,1.513701519049205
42,PCA,3,2.9159243826016503
42,PCA,4,5.998892486287821
42,PCA,5,9.830113964516192
42,PCA,6,13.758524914915846
42,PCA,7,20.3954896444011
42,PCA,8,41.61986227268815
43,PCA,1,8078.617275420207
43,PCA,2,0.8888373726540741
43,PCA,3,2.9610522239149586
43,PCA,4,5.709882403411871
43,PCA,5,8.785528100444473
43,PCA,6,12.539661160554592
43,PCA,7,19.210502078117905
43,PCA,8,38.809577641037585
44,PCA,1,9410.470915740167
44,PCA,2,0.5822503753050292
44,PCA,3,1.2493091124264681
44,PCA,4,3.2651481356075696
44,PCA,5,6.45913405945308
44,PCA,6,11.923533053216543
44,PCA,7,22.13237170493382
44,PCA,8,46.40380862244635
45,PCA,1,56354.2095912562
45,PCA,2,13.978317435776455
45,PCA,3,16.467539623073513
45,PCA,4,22.437258689871985
45,PCA,5,52.22621821024083
45,PCA,6,90.4266686347078
45,PCA,7,96.6117494556557
45,PCA,8,122.7210338323426
46,PCA,1,24378.694823865982
46,PCA,2,1.6027376643118085
46,PCA,3,2.5463543720381607
46,PCA,4,6.471746731716035
46,PCA,5,18.420300655785226
46,PCA,6,33.59166636312499
46,PCA,7,45.457185025989524
46,PCA,8,63.35233295619933
47,PCA,1,11770.188307703622
47,PCA,2,1.1744156489161035
47,PCA,3,1.1227460824036857
47,PCA,4,4.6023071479779905
47,PCA,5,9.88647088607548
47,PCA,6,17.704088856749973
47,PCA,7,29.471540671913544
47,PCA,8,55.548243303042135
48,PCA,1,39445.844421853195
48,PCA,2,4.066286096130878
48,PCA,3,2.783261038572152
48,PCA,4,7.21422554533644
48,PCA,5,17.846474861426213
48,PCA,6,33.8258791522809
48,PCA,7,56.955448264386526
48,PCA,8,93.96538831058068
49,PCA,1,38210.621734517474
49,PCA,2,8.246943532598914
49,PCA,3,2.3568502859404847
49,PCA,4,7.844456869586501
49,PCA,5,22.858033745624507
49,PCA,6,40.32619400862445
49,PCA,7,59.108658325222024
49,PCA,8,106.03559496708074
50,PCA,1,22475.877489744264
50,PCA,2,4.574436106797696
50,PCA,3,4.449911575614785
50,PCA,4,6.637921408989169
50,PCA,5,12.388494181277906
50,PCA,6,22.729850073930006
50,PCA,7,36.159677551730454
50,PCA,8,59.79424644916548
51,PCA,1,57203.1519373459
51,PCA,2,11.11758459457831
51,PCA,3,5.500458891855923
51,PCA,4,11.176626337690845
51,PCA,5,26.102669604111423
51,PCA,6,52.468602651646385
51,PCA,7,83.84860097690593
51,PCA,8,104.15908725628103
52,PCA,1,123489.91992960035
52,PCA,2,6.776470418346267
52,PCA,3,2.00233768239614
52,PCA,4,10.62341433886479
52,PCA,5,26.07294028473849
52,PCA,6,50.35143632559368
52,PCA,7,72.51613966944866
52,PCA,8,96.28688104733887
53,PCA,1,12248.291455759974
53,PCA,2,1.6086469612428527
53,PCA,3,2.451184205857931
53,PCA,4,4.470485636111042
53,PCA,5,10.512609074232689
53,PCA,6,15.773211574945389
53,PCA,7,25.004223912252378
53,PCA,8,61.54308017258382
54,PCA,1,24028.51199598931
54,PCA,2,4.4256253003635
54,PCA,3,1.6752592318259576
54,PCA,4,12.743861274473618
54,PCA,5,35.79328842815524
54,PCA,6,61.12875558814476
54,PCA,7,64.77593671427593
54,PCA,8,68.74978185436449
55,PCA,1,38416.56489845559
55,PCA,2,1.9359446535139806
55,PCA,3,2.6753579988087575
55,PCA,4,7.769890789055495
55,PCA,5,13.973364075018686
55,PCA,6,19.49828100796652
55,PCA,7,28.118035026432576
55,PCA,8,56.43840282443875
56,PCA,1,51877.577046539096
56,PCA,2,1.0256804615680595
56,PCA,3,2.474898164145318
56,PCA,4,7.309490058061037
56,PCA,5,15.088829250931681
56,PCA,6,25.83082290922537
56,PCA,7,45.74605327267067
56,PCA,8,90.70301931194078
57,PCA,1,10139.02865426077
57,PCA,2,2.0910221686747636
57,PCA,3,2.748107538409868
57,PCA,4,5.652782869644215
57,PCA,5,10.842761825050786
57,PCA,6,18.739975409990084
57,PCA,7,29.956821518800613
57,PCA,8,51.797141867134506
58,PCA,1,92710.5238923871
58,PCA,2,11.68457023221753
58,PCA,3,4.872796698454833
58,PCA,4,13.443119217275461
58,PCA,5,37.827707298792824
58,PCA,6,68.603163981825
58,PCA,7,96.16139969101255
58,PCA,8,121.06339093785616
59,PCA,1,14608.738915997385
59,PCA,2,1.067206143546433
59,PCA,3,2.1570339642462506
59,PCA,4,4.399510221601427
59,PCA,5,9.356691513868013
59,PCA,6,16.291302769486983
59,PCA,7,25.621022990844878
59,PCA,8,47.12695544245036
60,PCA,1,17021.144848799668
60,PCA,2,1.7907507220230414
60,PCA,3,2.548267001337538
60,PCA,4,6.003455096925141
60,PCA,5,11.010177867314326
60,PCA,6,17.96416642864925
60,PCA,7,28.307134998184292
60,PCA,8,54.03244680056977
61,PCA,1,9818.079129449641
61,PCA,2,0.6679448982687379
61,PCA,3,2.766906840399349
61,PCA,4,5.960641588150695
61,PCA,5,9.58502591240264
61,PCA,6,14.012617592647532
61,PCA,7,22.460857435010663
61,PCA,8,46.687161286004375
62,PCA,1,10682.646988728386
62,PCA,2,5.3432519437070125
62,PCA,3,3.166985559001066
62,PCA,4,4.890726976635364
62,PCA,5,13.910275792551662
62,PCA,6,28.004310086488395
62,PCA,7,40.83515386091259
62,PCA,8,59.71701294662816
63,PCA,1,17719.062312417158
63,PCA,2,7.062483188538277
63,PCA,3,5.967855776489732
63,PCA,4,9.610773281282706
63,PCA,5,28.861707420531598
63,PCA,6,57.86414555799642
63,PCA,7,70.58171043880735
63,PCA,8,67.59518738217437
64,PCA,1,42012.936106634304
64,PCA,2,10.079104077479373
64,PCA,3,10.603593570302804
64,PCA,4,16.332428340812182
64,PCA,5,32.09726721977247
64,PCA,6,54.731035334061
64,PCA,7,66.65506216201047
64,PCA,8,76.44821127410194
65,PCA,1,2148.612060073082
65,PCA,2,0.18667673155651512
65,PCA,3,0.7713006260709169
65,PCA,4,2.15569760852028
65,PCA,5,4.184210083967819
65,PCA,6,7.410001173890053
65,PCA,7,13.249166177077843
65,PCA,8,27.72045850269656
66,PCA,1,12894.999259043787
66,PCA,2,3.545883392896093
66,PCA,3,2.4218724810586614
66,PCA,4,4.908102878884407
66,PCA,5,13.564757809982353
66,PCA,6,27.147845270843142
66,PCA,7,46.07425433460856
66,PCA,8,82.0912494435071
67,PCA,1,80457.46905978463
67,PCA,2,7.212403039007068
67,PCA,3,2.223076752585817
67,PCA,4,9.95179274778806
67,PCA,5,28.728545504335102
67,PCA,6,46.48189742949827
67,PCA,7,59.850365982926135
67,PCA,8,117.27002561132929
68,PCA,1,20505.017836502942
68,PCA,2,2.5064444679378246
68,PCA,3,4.152491908027427
68,PCA,4,6.612956868210642
68,PCA,5,11.475618804226379
68,PCA,6,19.191193106725557
68,PCA,7,27.7689323864185
68,PCA,8,48.76648581136004
69,PCA,1,73845.7314635254
69,PCA,2,5.9148911243454485
69,PCA,3,3.1453584746323897
69,PCA,4,6.2900822529497935
69,PCA,5,15.762701183776068
69,PCA,6,27.086916818544296
69,PCA,7,36.620342975831115
69,PCA,8,60.965830926788456
70,PCA,1,11817.021609233681
70,PCA,2,5.189400258624724
70,PCA,3,4.842907779188129
70,PCA,4,4.945725910385107
70,PCA,5,11.383989095768092
70,PCA,6,23.994619136579487
70,PCA,7,41.3502273863627
70,PCA,8,69.75446869887493
71,PCA,1,9913.234552482785
71,PCA,2,0.7240447762783372
71,PCA,3,1.632983524266319
71,PCA,4,4.640924534642564
71,PCA,5,9.241057775279055
71,PCA,6,14.990336900149154
71,PCA,7,23.6678639540636
71,PCA,8,45.69817347117618
72,PCA,1,19164.397831215614
72,PCA,2,2.332579922755733
72,PCA,3,0.5123066721581596
72,PCA,4,8.493759678637712
72,PCA,5,22.642248683258032
72,PCA,6,37.92273099915821
72,PCA,7,48.12001696134397
72,PCA,8,77.59886557422267
73,PCA,1,9088.159499062964
73,PCA,2,2.203640763154058
73,PCA,3,2.973998958847875
73,PCA,4,5.839150196208596
73,PCA,5,12.246768211266502
73,PCA,6,20.575740155826256
73,PCA,7,30.37146253818065
73,PCA,8,54.873681936433734
74,PCA,1,12903.570460312887
74,PCA,2,1.6974079738641665
74,PCA,3,1.86519512104533
74,PCA,4,4.404902181104879
74,PCA,5,9.42778611463442
74,PCA,6,15.97221555118343
74,PCA,7,23.170142716920957
74,PCA,8,37.26413953761319
75,PCA,1,25131.40757948894
75,PCA,2,2.993660932847935
75,PCA,3,4.479278503523583
75,PCA,4,5.552973309605782
75,PCA,5,9.893264083947543
75,PCA,6,16.87979390731618
75,PCA,7,24.38253771614356
75,PCA,8,42.14453094995108
76,PCA,1,9709.778564114536
76,PCA,2,2.341445720679669
76,PCA,3,3.663922409733946
76,PCA,4,6.752374967460617
76,PCA,5,12.450345110018041
76,PCA,6,18.93505284728317
76,PCA,7,26.88540642748975
76,PCA,8,47.943791356797206
77,PCA,1,10771.013973630315
77,PCA,2,0.24731303001816124
77,PCA,3,2.525985750773737
77,PCA,4,5.651902112086259
77,PCA,5,9.062552687528907
77,PCA,6,14.879791038970776
77,PCA,7,27.55864227575199
77,PCA,8,58.8260797086495
78,PCA,1,64213.94525794472
78,PCA,2,12.45732056504979
78,PCA,3,14.401556851339903
78,PCA,4,15.726972657296567
78,PCA,5,29.64024752688592
78,PCA,6,65.20292068314416
78,PCA,7,101.20131713442926
78,PCA,8,106.14500880629015
79,PCA,1,222749.5934169883
79,PCA,2,45.39333501761034
79,PCA,3,29.667538858149946
79,PCA,4,20.44248722219083
79,PCA,5,97.37398158542265
79,PCA,6,220.34078452228647
79,PCA,7,234.41829212120075
79,PCA,8,90.42984242686305
80,PCA,1,19160.117802426474
80,PCA,2,7.29890106413995
80,PCA,3,5.879601525612855
80,PCA,4,9.273567845457386
80,PCA,5,21.592800750684976
80,PCA,6,39.499541198359864
80,PCA,7,60.18823307254107
80,PCA,8,99.40709066551425
81,PCA,1,13841.561384296296
81,PCA,2,1.010487670837707
81,PCA,3,1.7998625683347478
81,PCA,4,3.9278492766808277
81,PCA,5,7.5066691894711175
81,PCA,6,12.698802585057491
81,PCA,7,20.327598154564257
81,PCA,8,37.888762316663424
82,PCA,1,6722.046761457896
82,PCA,2,3.296290088208598
82,PCA,3,3.672064627429609
82,PCA,4,3.5451848599488214
82,PCA,5,9.936285956046014
82,PCA,6,20.997186036923548
82,PCA,7,32.065423697606604
82,PCA,8,43.75015274293697
83,PCA,1,6654.4284998077965
83,PCA,2,1.5599566539668517
83,PCA,3,2.169193170144076
83,PCA,4,4.670015676547701
83,PCA,5,9.689242571610635
83,PCA,6,15.876226634071237
83,PCA,7,21.899215204761994
83,PCA,8,35.5543229741682
84,PCA,1,53096.24776241943
84,PCA,2,6.891005984026723
84,PCA,3,8.108605013352634
84,PCA,4,8.441443852860175
84,PCA,5,13.722630175083388
84,PCA,6,22.981091798121177
84,PCA,7,42.06011195079965
84,PCA,8,92.46525803983427
85,PCA,1,3643.544402674353
85,PCA,2,2.22308509336677
85,PCA,3,3.8843636579335237
85,PCA,4,5.999579932562038
85,PCA,5,8.470096725855424
85,PCA,6,13.034579218774194
85,PCA,7,23.00712312024825
85,PCA,8,49.595526268306706
86,PCA,1,63876.8311795047
86,PCA,2,7.9415701409185155
86,PCA,3,6.35086008422079
86,PCA,4,9.357958147612809
86,PCA,5,27.663593482405677
86,PCA,6,52.63286768145019
86,PCA,7,64.37870515764368
86,PCA,8,76.70227974063839
87,PCA,1,107277.84911464313
87,PCA,2,131.14134885543797
87,PCA,3,10.359994564890584
87,PCA,4,81.56856382038917
87,PCA,5,211.11224042970608
87,PCA,6,303.63309009967696
87,PCA,7,90.51932928455557
87,PCA,8,288.2347360502083
88,PCA,1,12641.931269426947
88,PCA,2,3.1854612334342973
88,PCA,3,5.759845498824956
88,PCA,4,8.8900430476304
88,PCA,5,11.65426772550815
88,PCA,6,15.758061232664314
88,PCA,7,24.9477742244183
88,PCA,8,51.04124839018865
89,PCA,1,6443.757266847993
89,PCA,2,1.5329645454661516
89,PCA,3,1.9946788516907525
89,PCA,4,5.780702041555969
89,PCA,5,12.240445986387455
89,PCA,6,22.1669611742873
89,PCA,7,36.02809286304976
89,PCA,8,58.77880208156961
90,PCA,1,14117.61713890526
90,PCA,2,12.346054334761977
90,PCA,3,18.57624063379293
90,PCA,4,21.82260944737934
90,PCA,5,35.35568168398694
90,PCA,6,58.09285039561518
90,PCA,7,84.72496370686223
90,PCA,8,147.43935143725085
91,PCA,1,19198.799958586216
91,PCA,2,6.167765315675466
91,PCA,3,5.840769297650699
91,PCA,4,3.4010273175655943
91,PCA,5,9.393969933567895
91,PCA,6,19.777890286422547
91,PCA,7,38.12998898900815
91,PCA,8,87.14001368781972
92,PCA,1,19138.577029392152
92,PCA,2,2.9124306400039965
92,PCA,3,3.6895331231204542
92,PCA,4,4.403919231652011
92,PCA,5,9.223616440246266
92,PCA,6,17.615291478660033
92,PCA,7,28.34738201267153
92,PCA,8,47.85915371505856
93,PCA,1,316869.7418120666
93,PCA,2,50.72413810772684
93,PCA,3,50.58548002354335
93,PCA,4,18.553703977440957
93,PCA,5,35.96007845856624
93,PCA,6,117.62145276581224
93,PCA,7,183.31974463470388
93,PCA,8,189.83161278959804
94,PCA,1,247233.69760848483
94,PCA,2,22.029643397414983
94,PCA,3,66.94081039019423
94,PCA,4,55.871439713984564
94,PCA,5,20.400582324834915
94,PCA,6,20.34674366116845
94,PCA,7,108.72559771183411
94,PCA,8,394.43003971489543
95,PCA,1,263744.48566080374
95,PCA,2,34.70857033653511
95,PCA,3,28.93139438018002
95,PCA,4,112.43493839517629
95,PCA,5,265.9679478536806
95,PCA,6,310.90927242333225
95,PCA,7,202.28668900739447
95,PCA,8,492.65140865614427
96,PCA,1,37938.779242178476
96,PCA,2,3.610870833450309
96,PCA,3,2.2268477402887736
96,PCA,4,8.427629232633299
96,PCA,5,19.716400307340187
96,PCA,6,33.63817857060075
96,PCA,7,44.65070150337633
96,PCA,8,59.02983699399379
97,PCA,1,11894.475221674775
97,PCA,2,1.9605563810925988
97,PCA,3,1.9858741414902394
97,PCA,4,6.226024900155936
97,PCA,5,14.120415378926475
97,PCA,6,22.74700738407216
97,PCA,7,28.7900343790789
97,PCA,8,43.20496977745764
98,PCA,1,57822.766686656294
98,PCA,2,3.65451009252137
98,PCA,3,7.486091108317101
98,PCA,4,6.989718882351196
98,PCA,5,13.433911529421728
98,PCA,6,28.087264885434656
98,PCA,7,52.78743890651107
98,PCA,8,103.75653498919038
99,PCA,1,66696.51209654381
99,PCA,2,21.754970655931178
99,PCA,3,13.073945882397602
99,PCA,4,15.471980969093481
99,PCA,5,63.32608625089334
99,PCA,6,130.23441510057674
99,PCA,7,171.25887792898908
99,PCA,8,127.82645570372979
100,PCA,1,344191.5773041144
100,PCA,2,21.716282212206252
100,PCA,3,19.853976438293756
100,PCA,4,5.245240282746426
100,PCA,5,20.599141420513828
100,PCA,6,57.044673655770296
100,PCA,7,94.03965463744045
100,PCA,8,114.50078006528074
101,PCA,1,4423.772179165685
101,PCA,2,0.3214493764171221
101,PCA,3,1.6682386880259799
101,PCA,4,4.640084796616353
101,PCA,5,8.963837236830503
101,PCA,6,14.226900616276305
101,PCA,7,21.777310507679427
101,PCA,8,40.53635240530138
102,PCA,1,41433.94267114235
102,PCA,2,4.719301002583217
102,PCA,3,5.0807982052889935
102,PCA,4,7.7270431148570236
102,PCA,5,15.668180122328652
102,PCA,6,27.869155606465224
102,PCA,7,40.55693863951271
102,PCA,8,62.95645046064412
103,PCA,1,178967.68804558515
103,PCA,2,100.61560024703952
103,PCA,3,181.18360246316573
103,PCA,4,86.69788564212836
103,PCA,5,77.4567709673831
103,PCA,6,233.10860928179744
103,PCA,7,303.0531116530636
103,PCA,8,486.0466419240238
104,PCA,1,6480.362394383193
104,PCA,2,2.0769622639817045
104,PCA,3,3.16123431765327
104,PCA,4,5.938160223188092
104,PCA,5,10.180652073490275
104,PCA,6,16.227661830286777
104,PCA,7,26.435672097144028
104,PCA,8,52.16135170450951
105,PCA,1,198278.08045641502
105,PCA,2,15.670846454069965
105,PCA,3,12.076680168946359
105,PCA,4,3.234548582834254
105,PCA,5,29.999546034625936
105,PCA,6,69.01875357976995
105,PCA,7,110.53262402755881
105,PCA,8,165.5590194843087
106,PCA,1,28697.373615325672
106,PCA,2,5.193623134673132
106,PCA,3,2.1768250206401087
106,PCA,4,11.712920853722915
106,PCA,5,26.21362439832557
106,PCA,6,42.501957252216954
106,PCA,7,65.75869934369175
106,PCA,8,123.55691819453655
107,PCA,1,24175.68197256156
107,PCA,2,2.088418501917546
107,PCA,3,1.9190115592510388
107,PCA,4,7.547459598558202
107,PCA,5,16.48448522490444
107,PCA,6,27.49246577891789
107,PCA,7,41.01629692478358
107,PCA,8,65.45069888898283
108,PCA,1,138250.2993102563
108,PCA,2,2.646627171504485
108,PCA,3,8.920231468388577
108,PCA,4,13.303307976654382
108,PCA,5,19.271484974444093
108,PCA,6,33.85828721125996
108,PCA,7,54.67637339391596
108,PCA,8,98.02440698686354
109,PCA,1,33548.19773021846
109,PCA,2,8.285815115924535
109,PCA,3,9.010025466628322
109,PCA,4,6.98286281842689
109,PCA,5,16.451177804346706
109,PCA,6,30.681114684121845
109,PCA,7,38.61285165011947
109,PCA,8,51.58456923642325
110,PCA,1,30714.57638491401
110,PCA,2,4.6089387923770335
110,PCA,3,1.7890064042360858
110,PCA,4,8.0737393612047
110,PCA,5,20.524620465224544
110,PCA,6,38.37293190975426
110,PCA,7,60.55403562299845
110,PCA,8,103.87651172975008
111,PCA,1,9185.11111931736
111,PCA,2,1.3577530334215118
111,PCA,3,1.9468193295507674
111,PCA,4,5.562090195096697
111,PCA,5,11.387527821891108
111,PCA,6,18.811286256308872
111,PCA,7,28.39183365922964
111,PCA,8,47.49721494655864
112,PCA,1,32228.285964241666
112,PCA,2,8.39854153584162
112,PCA,3,5.541410761442211
112,PCA,4,7.34347531980964
112,PCA,5,22.18387892056421
112,PCA,6,42.487551671799416
112,PCA,7,52.603027994326794
112,PCA,8,62.46707710215606
113,PCA,1,5393.392955395635
113,PCA,2,4.604629225282005
113,PCA,3,1.924364509629151
113,PCA,4,3.4208851853948383
113,PCA,5,12.848324338591356
113,PCA,6,26.45287113761834
113,PCA,7,40.757282705856205
113,PCA,8,61.527447634156346
114,PCA,1,12854.39077585371
114,PCA,2,1.3048635235139758
114,PCA,3,3.8498030047443823
114,PCA,4,5.785514154011518
114,PCA,5,7.8355662215743385
114,PCA,6,11.942640748622793
114,PCA,7,17.913333188739234
114,PCA,8,34.92280554929179
115,PCA,1,47758.65630344143
115,PCA,2,10.050094907783619
115,PCA,3,5.830293433986159
115,PCA,4,8.875787989389233
115,PCA,5,19.565511455621493
115,PCA,6,32.719445701769985
115,PCA,7,52.375083103546245
115,PCA,8,109.43431915352203
116,PCA,1,72457.17668803186
116,PCA,2,11.41909456256121
116,PCA,3,7.233118020823257
116,PCA,4,6.432082440418587
116,PCA,5,22.75469221279453
116,PCA,6,39.554176484541856
116,PCA,7,45.62904365773141
116,PCA,8,64.7821927394449
117,PCA,1,22957.85295138873
117,PCA,2,5.756057376600162
117,PCA,3,2.69091647745291
117,PCA,4,5.559779536586547
117,PCA,5,18.56817975896185
117,PCA,6,34.11592569599247
117,PCA,7,45.467826899916325
117,PCA,8,57.19396822910992
118,PCA,1,109776.90381789685
118,PCA,2,12.287276398532699
118,PCA,3,7.3997726183036665
118,PCA,4,4.570805487677109
118,PCA,5,20.2525113344309
118,PCA,6,47.96757598392722
118,PCA,7,87.40489839297211
118,PCA,8,120.47669561078094
119,PCA,1,194400.13953574904
119,PCA,2,15.856646114839375
119,PCA,3,11.40814758367513
119,PCA,4,26.82600263103165
119,PCA,5,70.64653806097901
119,PCA,6,113.28264452389264
119,PCA,7,97.06533240105973
119,PCA,8,87.72361767888728
120,PCA,1,8513.884705778735
120,PCA,2,2.570602299573258
120,PCA,3,2.889445308860692
120,PCA,4,7.816830412193158
120,PCA,5,18.738035614105023
120,PCA,6,35.7252115295353
120,PCA,7,50.85758738456612
120,PCA,8,60.744632817884145
121,PCA,1,586211.8575603301
121,PCA,2,22.8207365873423
121,PCA,3,21.033154587194762
121,PCA,4,3.31268293102794
121,PCA,5,26.79166069919574
121,PCA,6,63.231203221881565
121,PCA,7,110.91491259938373
121,PCA,8,219.96554283766096
122,PCA,1,57551.76833263204
122,PCA,2,10.991556643043308
122,PCA,3,1.7994901362822833
122,PCA,4,14.696920118844064
122,PCA,5,32.7905766505577
122,PCA,6,56.28424688413231
122,PCA,7,89.27354508423585
122,PCA,8,167.86563873832068
123,PCA,1,58124.15233061267
123,PCA,2,4.507541716945275
123,PCA,3,4.831083472967063
123,PCA,4,6.547852770946023
123,PCA,5,16.598047212670235
123,PCA,6,30.703615954979774
123,PCA,7,39.710942544787706
123,PCA,8,53.58766595785987
124,PCA,1,45112.1073198152
124,PCA,2,13.239627401763773
124,PCA,3,13.682047478006774
124,PCA,4,11.106470841690342
124,PCA,5,24.2024467191627
124,PCA,6,41.398209441524315
124,PCA,7,44.44121683295501
124,PCA,8,45.699078396579004
125,PCA,1,55060.599143873245
125,PCA,2,7.105579655480471
125,PCA,3,4.746546034590713
125,PCA,4,25.350253643125786
125,PCA,5,63.14845670344563
125,PCA,6,105.98944256617165
125,PCA,7,124.74008275744782
125,PCA,8,145.36111868626435
126,PCA,1,3677219.261711407
126,PCA,2,100.2986261539575
126,PCA,3,54.418388993539466
126,PCA,4,15.61272673727121
126,PCA,5,123.11972160485743
126,PCA,6,206.79136649683565
126,PCA,7,128.6641332396582
126,PCA,8,216.40447068870873
127,PCA,1,14271.925854452205
127,PCA,2,0.86678086513211
127,PCA,3,0.7210652973930729
127,PCA,4,4.579019140924236
127,PCA,5,11.169350585365928
127,PCA,6,20.95345653300915
127,PCA,7,34.83219084811392
127,PCA,8,61.791635778378435
128,PCA,1,89526.36657652451
128,PCA,2,12.353322378730676
128,PCA,3,6.020961584053575
128,PCA,4,7.858099387625619
128,PCA,5,31.29852564019002
128,PCA,6,63.25618348581281
128,PCA,7,88.18240723295396
128,PCA,8,108.70696682505582
129,PCA,1,194065.7503588217
129,PCA,2,14.127170814684257
129,PCA,3,3.417973730602559
129,PCA,4,19.095010191781824
129,PCA,5,42.23352741294926
129,PCA,6,59.10482351392259
129,PCA,7,55.262245521079116
129,PCA,8,73.46628313203004
130,PCA,1,7736.173121394679
130,PCA,2,0.39706725735176934
130,PCA,3,0.8777222685515428
130,PCA,4,4.8722540631996
130,PCA,5,11.002859786618686
130,PCA,6,18.639080875661545
130,PCA,7,30.493507988845906
130,PCA,8,56.91677477859878
131,PCA,1,225450.01945497448
131,PCA,2,31.42158889186331
131,PCA,3,38.66642651632384
131,PCA,4,59.02407876588865
131,PCA,5,116.79205390423213
131,PCA,6,121.76351281901496
131,PCA,7,47.75490528752673
131,PCA,8,41.571314579878035
132,PCA,1,3459.3382719249166
132,PCA,2,1.3827053698093001
132,PCA,3,1.864057926623276
132,PCA,4,4.246116364154232
132,PCA,5,8.680787089803838
132,PCA,6,14.833202135649072
132,PCA,7,21.80280735472359
132,PCA,8,34.26959452944529
133,PCA,1,34595.82983689217
133,PCA,2,4.054958017519303
133,PCA,3,3.140527680014629
133,PCA,4,2.0434024647107645
133,PCA,5,10.810132504308791
133,PCA,6,23.472742639379245
133,PCA,7,37.334500357727215
133,PCA,8,56.56226889149736
134,PCA,1,2940440.390668359
134,PCA,2,242.44443926923327
134,PCA,3,261.15651055086477
134,PCA,4,103.53280188751796
134,PCA,5,52.24637001542779
134,PCA,6,126.36185197090833
134,PCA,7,144.43141178887046
134,PCA,8,629.034239041886
135,PCA,1,37136.822172541644
135,PCA,2,11.946873606887193
135,PCA,3,9.389846654444566
135,PCA,4,8.465031356773629
135,PCA,5,29.633045842357507
135,PCA,6,66.2721313350618
135,PCA,7,95.99067793946995
135,PCA,8,98.94571539563857
136,PCA,1,90080.52564878798
136,PCA,2,8.358984616979809
136,PCA,3,6.93183792076649
136,PCA,4,4.392091430092577
136,PCA,5,15.017754201070087
136,PCA,6,34.46992229715288
136,PCA,7,54.236329998649644
136,PCA,8,72.28686508931462
137,PCA,1,150271.61444000594
137,PCA,2,9.738728841358611
137,PCA,3,4.207275325667504
137,PCA,4,11.615533692590143
137,PCA,5,34.108875789916965
137,PCA,6,66.23621243215727
137,PCA,7,94.53188073110482
137,PCA,8,111.7643396207441
138,PCA,1,19427.437824146913
138,PCA,2,1.8031657127302854
138,PCA,3,2.731269436640516
138,PCA,4,8.237033871236797
138,PCA,5,17.828739432310687
138,PCA,6,27.612903062266152
138,PCA,7,39.858087615294885
138,PCA,8,77.25212055587984
139,PCA,1,11676.06284313722
139,PCA,2,0.926989869399936
139,PCA,3,2.187995308545356
139,PCA,4,5.037302033587101
139,PCA,5,9.538565112403198
139,PCA,6,16.85636775383203
139,PCA,7,30.394518320932573
139,PCA,8,63.40200590590474
140,PCA,1,783849.8255007848
140,PCA,2,207.48662881109328
140,PCA,3,197.86271810172622
140,PCA,4,87.90605509956109
140,PCA,5,29.959129263636054
140,PCA,6,22.342316477652652
140,PCA,7,52.30252431158876
140,PCA,8,117.34107453592269
141,PCA,1,22881.39701515301
141,PCA,2,2.282411107108664
141,PCA,3,6.4468081457117
141,PCA,4,6.794458304491939
141,PCA,5,7.5667861000991214
141,PCA,6,16.128778601642658
141,PCA,7,34.706673726662984
141,PCA,8,95.84367851630532
142,PCA,1,10550.076065525702
142,PCA,2,2.2021405168845067
142,PCA,3,3.4687577759156434
142,PCA,4,7.193816262700648
142,PCA,5,12.623880610418908
142,PCA,6,20.536443416959454
142,PCA,7,33.19592000495494
142,PCA,8,57.67885900518164
143,PCA,1,14856.138165874314
143,PCA,2,1.301776441386229
143,PCA,3,1.2879982505270062
143,PCA,4,4.788116496198868
143,PCA,5,12.119976199575987
143,PCA,6,20.709171577192826
143,PCA,7,26.72105775192303
143,PCA,8,35.78164845395721
144,PCA,1,279667.3868571709
144,PCA,2,23.533460680683103
144,PCA,3,18.643414715010863
144,PCA,4,11.460703267297264
144,PCA,5,37.66089154593447
144,PCA,6,78.90251867383712
144,PCA,7,122.01751968875233
144,PCA,8,210.49324270125084
145,PCA,1,264936.38367675955
145,PCA,2,10.697129481545783
145,PCA,3,2.6177240422338603
145,PCA,4,5.858862081843146
145,PCA,5,19.437170720639195
145,PCA,6,41.00231625622444
145,PCA,7,75.17049228828934
145,PCA,8,133.75000057515942
146,PCA,1,140171.45598516162
146,PCA,2,40.49359278867222
146,PCA,3,36.27653508816249
146,PCA,4,37.88383957546231
146,PCA,5,107.35649039840978
146,PCA,6,161.57499694396316
146,PCA,7,146.42961308763878
146,PCA,8,258.47222979917825
147,PCA,1,5469.628865531684
147,PCA,2,1.4133593085354954
147,PCA,3,1.641901867068142
147,PCA,4,3.2398505808554083
147,PCA,5,5.822890059415409
147,PCA,6,9.355422142124555
147,PCA,7,16.270296600475817
147,PCA,8,35.50383442055239
148,PCA,1,101450.37939042426
148,PCA,2,22.42613711283667
148,PCA,3,44.65828779534314
148,PCA,4,51.03770960157126
148,PCA,5,49.564610385352694
148,PCA,6,58.75837233937367
148,PCA,7,84.27292448538715
148,PCA,8,168.3766128015671
149,PCA,1,51281.198690344696
149,PCA,2,9.272364923052484
149,PCA,3,5.376563181198988
149,PCA,4,10.494813336958458
149,PCA,5,29.55911315427416
149,PCA,6,56.67424086294047
149,PCA,7,79.07430709665529
149,PCA,8,100.61870428548275
0,Isomap,1,209.19045193471246
0,Isomap,2,7.8185949161192925
0,Isomap,3,18.61947608714114
0,Isomap,4,26.305133542321215
0,Isomap,5,6.783854601383521
0,Isomap,6,28.65088814031131
0,Isomap,7,25.838412692150044
0,Isomap,8,74.07228627567372
1,Isomap,1,517.339964921884
1,Isomap,2,10.476178842833566
1,Isomap,3,29.636670641398865
1,Isomap,4,105.49882819837468
1,Isomap,5,77.27778748522609
1,Isomap,6,120.46237351227683
1,Isomap,7,264.2208600546473
1,Isomap,8,455.30586122363945
2,Isomap,1,481.92013640598725
2,Isomap,2,8.482272635717534
2,Isomap,3,188.10055206709197
2,Isomap,4,107.77657881932545
2,Isomap,5,55.595588572031346
2,Isomap,6,311.9919037680746
2,Isomap,7,178.19441903573056
2,Isomap,8,446.431404588623
3,Isomap,1,277.9897775759462
3,Isomap,2,3.8303770603948055
3,Isomap,3,4.508672695234089
3,Isomap,4,2.280911180454391
3,Isomap,5,5.1604736825228
3,Isomap,6,5.747009505345101
3,Isomap,7,6.657802525722898
3,Isomap,8,15.32436544599971
4,Isomap,1,12588.204965993198
4,Isomap,2,7.949042987581017
4,Isomap,3,11.845881413890197
4,Isomap,4,1.5313983805595832
4,Isomap,5,4.987806035809057
4,Isomap,6,9.836448119809067
4,Isomap,7,37.741032982317066
4,Isomap,8,19.79217778401303
5,Isomap,1,50.50395729120431
5,Isomap,2,0.3763047810622951
5,Isomap,3,0.10016944120812586
5,Isomap,4,0.2162502974034994
5,Isomap,5,0.366714793653524
5,Isomap,6,2.393470946091419
5,Isomap,7,3.2775958780689427
5,Isomap,8,8.198999941417176
6,Isomap,1,388.240191909969
6,Isomap,2,10.20841183708298
6,Isomap,3,80.63907452388936
6,Isomap,4,56.36552668301624
6,Isomap,5,511.5908442194665
6,Isomap,6,304.17244707873715
6,Isomap,7,119.96414466291186
6,Isomap,8,41.71094504467594
7,Isomap,1,965.2979477125592
7,Isomap,2,20.24956439332083
7,Isomap,3,9.01336333596975
7,Isomap,4,53.73853298363081
7,Isomap,5,9.286172991972412
7,Isomap,6,33.49967175343713
7,Isomap,7,24.74524555333765
7,Isomap,8,38.70693245672923
8,Isomap,1,706.4913938678131
8,Isomap,2,278.60698159831634
8,Isomap,3,16.268101738195647
8,Isomap,4,183.7692546856469
8,Isomap,5,646.6194153749849
8,Isomap,6,143.8369666885337
8,Isomap,7,340.6960985380303
8,Isomap,8,790.3456723890542
9,Isomap,1,420.3104170677091
9,Isomap,2,9.020507043286138
9,Isomap,3,7.546935923218042
9,Isomap,4,6.3959180630738475
9,Isomap,5,1.1435063998944113
9,Isomap,6,12.283467892396324
9,Isomap,7,21.059825060182426
9,Isomap,8,66.04923020946309
10,Isomap,1,3204.7246056791882
10,Isomap,2,25.369974383931105
10,Isomap,3,17.066277812668435
10,Isomap,4,13.769766834349367
10,Isomap,5,91.54417545205376
10,Isomap,6,18.442772425198083
10,Isomap,7,52.10772798860279
10,Isomap,8,416.97270732671655
11,Isomap,1,74.7269524705163
11,Isomap,2,5.509807213471843
11,Isomap,3,75.23059868968305
11,Isomap,4,46.41787161182757
11,Isomap,5,166.28851009660784
11,Isomap,6,13.971933186682215
11,Isomap,7,34.05306889054491
11,Isomap,8,127.8968771771293
12,Isomap,1,12.807209289636656
12,Isomap,2,0.9115351297633176
12,Isomap,3,1.5220009555786982
12,Isomap,4,0.8714484953704824
12,Isomap,5,12.475708407410616
12,Isomap,6,1.6908907341096395
12,Isomap,7,15.553964618691671
12,Isomap,8,70.58635635391558
13,Isomap,1,1846.74064137151
13,Isomap,2,25.500624890288137
13,Isomap,3,117.79095035663713
13,Isomap,4,157.5075098630363
13,Isomap,5,15.284762491735048
13,Isomap,6,3.2338329437265183
13,Isomap,7,3.5273490730884216
13,Isomap,8,12.26962903831152
14,Isomap,1,140.6969391503145
14,Isomap,2,2.794765270391781
14,Isomap,3,2.4131813560558593
14,Isomap,4,17.494128483796047
14,Isomap,5,3.8364553857681942
14,Isomap,6,13.904765179426906
14,Isomap,7,16.282002733364692
14,Isomap,8,27.421875877985155
15,Isomap,1,397.8388181510522
15,Isomap,2,1846.4537431486729
15,Isomap,3,18.946652976451176
15,Isomap,4,154.87953186227398
15,Isomap,5,2376.644276175479
15,Isomap,6,93.62506287633678
15,Isomap,7,93.64881949810449
15,Isomap,8,2569.9635830359853
16,Isomap,1,836.0680686035167
16,Isomap,2,8.056271956882231
16,Isomap,3,49.133615094116394
16,Isomap,4,18.090115824988384
16,Isomap,5,3.6928136731777146
16,Isomap,6,193.43442108367137
16,Isomap,7,497.60543561313614
16,Isomap,8,1399.2808883866035
17,Isomap,1,897.3023461178236
17,Isomap,2,7.7210095413473026
17,Isomap,3,3.6414995574947233
17,Isomap,4,172.75629243987487
17,Isomap,5,52.1935649315758
17,Isomap,6,62.021578103336005
17,Isomap,7,1589.3494619190747
17,Isomap,8,87.39678870359543
18,Isomap,1,817.3774426914827
18,Isomap,2,3.0057888491317204
18,Isomap,3,85.4843740370729
18,Isomap,4,39.19386970301797
18,Isomap,5,1.694880384902618
18,Isomap,6,33.54588355000037
18,Isomap,7,12.633334873610469
18,Isomap,8,9.37010082995946
19,Isomap,1,1164.4526093541886
19,Isomap,2,5.133694655900193
19,Isomap,3,32.28059259808394
19,Isomap,4,13.210123920846147
19,Isomap,5,11.39336832051152
19,Isomap,6,42.17750600817923
19,Isomap,7,4.36187871279593
19,Isomap,8,1089.4550414819355
20,Isomap,1,15060.763306120756
20,Isomap,2,10.403283164349812
20,Isomap,3,37.03373036845151
20,Isomap,4,25.138434073478216
20,Isomap,5,3.8677906128922466
20,Isomap,6,160.0369321154137
20,Isomap,7,73.92852997001283
20,Isomap,8,91.10572151650001
21,Isomap,1,3018.8973458017986
21,Isomap,2,53.722896565666694
21,Isomap,3,91.97927202178626
21,Isomap,4,10.768965473441124
21,Isomap,5,14.045187548064234
21,Isomap,6,11.495822374161168
21,Isomap,7,45.929421423716654
21,Isomap,8,23.272252039958026
22,Isomap,1,494.0882158291011
22,Isomap,2,21.015260027972168
22,Isomap,3,173.6767310332248
22,Isomap,4,78.8906027154826
22,Isomap,5,32.366388093921415
22,Isomap,6,70.71519822733518
22,Isomap,7,2018.618601659762
22,Isomap,8,646.6747659439744
23,Isomap,1,945.6380027621208
23,Isomap,2,20.327094572145665
23,Isomap,3,11.591732465083574
23,Isomap,4,709.086037404822
23,Isomap,5,978.7539984607438
23,Isomap,6,94.44567668571527
23,Isomap,7,281.78986287768737
23,Isomap,8,1042.574724158779
24,Isomap,1,3173.8673177064748
24,Isomap,2,3.01600597771729
24,Isomap,3,5.905453404065097
24,Isomap,4,1.7778488904415313
24,Isomap,5,1.8345904835987252
24,Isomap,6,10.568634047014301
24,Isomap,7,2.706367307810612
24,Isomap,8,11.799505448911242
25,Isomap,1,206.9969467996292
25,Isomap,2,13.21496943454919
25,Isomap,3,2.511643437171538
25,Isomap,4,1.0338322876412953
25,Isomap,5,9.753965343428538
25,Isomap,6,14.194237654907742
25,Isomap,7,14.476960453134554
25,Isomap,8,37.52771185117539
26,Isomap,1,1236.816043232175
26,Isomap,2,66.77790749416299
26,Isomap,3,51.30062516734936
26,Isomap,4,69.48987232898563
26,Isomap,5,114.59816709388934
26,Isomap,6,14.424809117133949
26,Isomap,7,26.524787593111345
26,Isomap,8,193.63003066420035
27,Isomap,1,18896.37922847551
27,Isomap,2,26.150139273589254
27,Isomap,3,91.62010803994195
27,Isomap,4,8.642506030604057
27,Isomap,5,18.490723507012376
27,Isomap,6,86.89891153139902
27,Isomap,7,164.9121265018993
27,Isomap,8,21.833429662439418
28,Isomap,1,1258.3971775251985
28,Isomap,2,2.855096002024462
28,Isomap,3,7.61269011965281
28,Isomap,4,6.031892251517632
28,Isomap,5,16.747988897198404
28,Isomap,6,135.62942192712256
28,Isomap,7,117.545643265808
28,Isomap,8,99.63906926752566
29,Isomap,1,2922.858423429407
29,Isomap,2,129.15425686365444
29,Isomap,3,19.524048457410338
29,Isomap,4,16.05497566627837
29,Isomap,5,16.090264345339275
29,Isomap,6,36.933142606339416
29,Isomap,7,84.67454594569416
29,Isomap,8,66.26300135112356
30,Isomap,1,464.6908428190705
30,Isomap,2,28.338992048444485
30,Isomap,3,28.371537684079748
30,Isomap,4,48.92671540916853
30,Isomap,5,105.91431479245827
30,Isomap,6,32.27977463076806
30,Isomap,7,64.14060481471924
30,Isomap,8,564.5312217980204
31,Isomap,1,170.79767113440076
31,Isomap,2,2.2329289462954733
31,Isomap,3,0.7779456772683485
31,Isomap,4,13.677411542178454
31,Isomap,5,17.863731102810586
31,Isomap,6,22.330214371185168
31,Isomap,7,22.41785401764962
31,Isomap,8,66.68014733821208
32,Isomap,1,908.9905643145892
32,Isomap,2,27.75072852624987
32,Isomap,3,9.708830735033608
32,Isomap,4,2.7979268994109185
32,Isomap,5,111.4491451011422
32,Isomap,6,19.282809139945904
32,Isomap,7,5.268108620137175
32,Isomap,8,203.56992464372865
33,Isomap,1,10102.943448694667
33,Isomap,2,132.9364864359166
33,Isomap,3,87.1660545703113
33,Isomap,4,1348.9574919205065
33,Isomap,5,4623.253902882957
33,Isomap,6,210.86367478520356
33,Isomap,7,33.63831425927514
33,Isomap,8,406.53447393969077
34,Isomap,1,4812.650906635166
34,Isomap,2,28.062312356993655
34,Isomap,3,99.04548849768925
34,Isomap,4,18.179411019555065
34,Isomap,5,9.678207768672577
34,Isomap,6,8.058378046393534
34,Isomap,7,99.19263245595944
34,Isomap,8,49.422834205683785
35,Isomap,1,1670.0891848347815
35,Isomap,2,77.81753942274615
35,Isomap,3,261.3722234664552
35,Isomap,4,76.72527975027171
35,Isomap,5,332.98780687617403
35,Isomap,6,216.1021315080161
35,Isomap,7,3273.0890405004334
35,Isomap,8,1958.9583939592528
36,Isomap,1,1514.9072570100936
36,Isomap,2,127.00044985280242
36,Isomap,3,142.9070418019535
36,Isomap,4,76.41185058555408
36,Isomap,5,69.04889393360597
36,Isomap,6,20.288216715085316
36,Isomap,7,49.55665320215684
36,Isomap,8,88.82351544089785
37,Isomap,1,734.2052094071362
37,Isomap,2,19.410179269691028
37,Isomap,3,127.94432460159223
37,Isomap,4,90.79978491262192
37,Isomap,5,30.791737006910818
37,Isomap,6,47.26632490586821
37,Isomap,7,28.628000483377054
37,Isomap,8,2018.2523140896758
38,Isomap,1,10127.82778112983
38,Isomap,2,333.3988857061127
38,Isomap,3,179.5330538229128
38,Isomap,4,384.17519820034175
38,Isomap,5,107.25317242763677
38,Isomap,6,222.56518943148023
38,Isomap,7,314.1439962796667
38,Isomap,8,148.70401986061992
39,Isomap,1,11680.451097876889
39,Isomap,2,44.82220463446417
39,Isomap,3,277.07060535870994
39,Isomap,4,33.20563786878693
39,Isomap,5,69.83473999385609
39,Isomap,6,158.34377183224868
39,Isomap,7,42.16643942044666
39,Isomap,8,105.87537251033292
40,Isomap,1,400.9318840606862
40,Isomap,2,36.993341425001475
40,Isomap,3,17.287039601879073
40,Isomap,4,22.897668056598025
40,Isomap,5,5.579016071812694
40,Isomap,6,3.7612062059716505
40,Isomap,7,38.217756256624874
40,Isomap,8,31.38069230778544
41,Isomap,1,4304.664660499141
41,Isomap,2,20.409318763494326
41,Isomap,3,12.092940552505771
41,Isomap,4,276.4099845476546
41,Isomap,5,10.076136689530705
41,Isomap,6,59.17919001790618
41,Isomap,7,19.623338251565666
41,Isomap,8,63.11323455322597
42,Isomap,1,274.48126551113626
42,Isomap,2,21.23509815203826
42,Isomap,3,3373.494944683693
42,Isomap,4,1576.224314467091
42,Isomap,5,104.73584151224121
42,Isomap,6,45.884553881195
42,Isomap,7,348.29128656887036
42,Isomap,8,314.4440659564555
43,Isomap,1,716.4059719874137
43,Isomap,2,7.136533888873997
43,Isomap,3,517.4671270026648
43,Isomap,4,20.491737682081677
43,Isomap,5,138.5148593763574
43,Isomap,6,20.00290043913647
43,Isomap,7,15.161421318762175
43,Isomap,8,53.968652787077495
44,Isomap,1,257.2427638211292
44,Isomap,2,6.953322732929777
44,Isomap,3,50.89839753710166
44,Isomap,4,1287.219137904155
44,Isomap,5,88.09434071676381
44,Isomap,6,47.69863065071989
44,Isomap,7,5027.954494652555
44,Isomap,8,100.7123890584363
45,Isomap,1,318.27287458640427
45,Isomap,2,2.0783475596435173
45,Isomap,3,3.6801898219167746
45,Isomap,4,6.14480931393266
45,Isomap,5,79.49943973811699
45,Isomap,6,51.03748809721439
45,Isomap,7,53.40143068626447
45,Isomap,8,117.97379632124667
46,Isomap,1,204.58004402555454
46,Isomap,2,9.73598431307677
46,Isomap,3,0.852751444219481
46,Isomap,4,305.3845384149758
46,Isomap,5,15.92904279102777
46,Isomap,6,8.453929369017896
46,Isomap,7,64.20648794139672
46,Isomap,8,5.778801300748726
47,Isomap,1,1267.9630169452562
47,Isomap,2,3.5209809696797656
47,Isomap,3,4.839194181676848
47,Isomap,4,5.347616970964515
47,Isomap,5,100.34649952262357
47,Isomap,6,15.27984839108741
47,Isomap,7,55.58756617581825
47,Isomap,8,188.00994141623175
48,Isomap,1,5823.980100627209
48,Isomap,2,47.15103823091951
48,Isomap,3,99.77994987612102
48,Isomap,4,33.45286112697912
48,Isomap,5,11.94799001585372
48,Isomap,6,42.647156580836366
48,Isomap,7,20.771941754442942
48,Isomap,8,525.618803013167
49,Isomap,1,4722.445526273029
49,Isomap,2,33.35204784175205
49,Isomap,3,383.21648939654716
49,Isomap,4,33.06299239383746
49,Isomap,5,15.368902144946757
49,Isomap,6,23.589244420433776
49,Isomap,7,27.92389396728568
49,Isomap,8,99.04163326366064
50,Isomap,1,968.1947501629083
50,Isomap,2,11.768709880202556
50,Isomap,3,6.142915737684917
50,Isomap,4,8.673390328007356
50,Isomap,5,11.696209024072344
50,Isomap,6,2.6917066045923694
50,Isomap,7,2.2380284017447365
50,Isomap,8,20.118869508895138
51,Isomap,1,17132.03318990888
51,Isomap,2,61.396184271828325
51,Isomap,3,74.74885787562503
51,Isomap,4,1017.6614819100969
51,Isomap,5,40.00203268372639
51,Isomap,6,102.10347977017257
51,Isomap,7,38.99746365208125
51,Isomap,8,67.57559330300849
52,Isomap,1,910.2259209002252
52,Isomap,2,7.273274114963293
52,Isomap,3,28.45976535112553
52,Isomap,4,27.454723755276433
52,Isomap,5,35.17423444016973
52,Isomap,6,1.889303499293785
52,Isomap,7,8.511991463614189
52,Isomap,8,28.35870182946962
53,Isomap,1,892.2755108263815
53,Isomap,2,66.72323901257924
53,Isomap,3,8.618268324447786
53,Isomap,4,2.993790884787624
53,Isomap,5,2.1398658907018517
53,Isomap,6,7.9590583554162615
53,Isomap,7,79.35532026101603
53,Isomap,8,107.64268533114527
54,Isomap,1,440.4885502099808
54,Isomap,2,1.740849303152708
54,Isomap,3,10.662459612739449
54,Isomap,4,1.7542942345975856
54,Isomap,5,15.47414813456206
54,Isomap,6,12.236162070429568
54,Isomap,7,23.180816729817778
54,Isomap,8,31.161086428407625
55,Isomap,1,135714.20318405665
55,Isomap,2,21.87231955249416
55,Isomap,3,88.0901259373688
55,Isomap,4,29.406354568744096
55,Isomap,5,4.271432691083402
55,Isomap,6,91.03627170126647
55,Isomap,7,65.63210418463078
55,Isomap,8,207.2623244043685
56,Isomap,1,1553.1759499471013
56,Isomap,2,19.343712358654777
56,Isomap,3,4.6354565902929
56,Isomap,4,26.964771557239793
56,Isomap,5,35.452719932841966
56,Isomap,6,9.785910924463286
56,Isomap,7,7.509005813923824
56,Isomap,8,20.059808313965625
57,Isomap,1,412.79357941851396
57,Isomap,2,2.903139389153975
57,Isomap,3,8.125380847266639
57,Isomap,4,64.21631243224854
57,Isomap,5,13.99280501516028
57,Isomap,6,5.39745395224985
57,Isomap,7,16.15240568064319
57,Isomap,8,21.172849243076072
58,Isomap,1,3478.209268996568
58,Isomap,2,5.777118127017189
58,Isomap,3,17.401894846261374
58,Isomap,4,12.067864620814666
58,Isomap,5,11.198644934745381
58,Isomap,6,11.170522424071784
58,Isomap,7,17.82670029188316
58,Isomap,8,13.156484704048292
59,Isomap,1,860.0947691315813
59,Isomap,2,20.233567160998067
59,Isomap,3,7.594637944633722
59,Isomap,4,222.56859949964135
59,Isomap,5,139.81798814312992
59,Isomap,6,15.73537976540755
59,Isomap,7,170.4374256062529
59,Isomap,8,72.16385200575155
60,Isomap,1,182.6439074337126
60,Isomap,2,7.8451137939923115
60,Isomap,3,12.430845113523391
60,Isomap,4,5.404173918174962
60,Isomap,5,66.72697910540327
60,Isomap,6,357.00215074539966
60,Isomap,7,28.03979198273674
60,Isomap,8,2054.078466384596
61,Isomap,1,757.0142420286077
61,Isomap,2,9.178214856689104
61,Isomap,3,1.6820396614906938
61,Isomap,4,55.27417212458763
61,Isomap,5,220.0440839321194
61,Isomap,6,83.86154052217411
61,Isomap,7,171.82321278457752
61,Isomap,8,731.3523274156589
62,Isomap,1,4653.113008455534
62,Isomap,2,1.3841311335545845
62,Isomap,3,2.7958206657790337
62,Isomap,4,1.426494397689402
62,Isomap,5,4.755228124152882
62,Isomap,6,3.204146226827324
62,Isomap,7,24.452872236643024
62,Isomap,8,23.96735726384479
63,Isomap,1,293.6281480862043
63,Isomap,2,8.691631214469536
63,Isomap,3,37.59984785874892
63,Isomap,4,5.980849517795407
63,Isomap,5,6.839217488357386
63,Isomap,6,7.349988500458028
63,Isomap,7,21.225938510883005
63,Isomap,8,174.91398804557153
64,Isomap,1,166.8950675780232
64,Isomap,2,38.93053373580105
64,Isomap,3,20.276867234712682
64,Isomap,4,35.17454404460965
64,Isomap,5,356.1452771602357
64,Isomap,6,24.20534371198995
64,Isomap,7,309.6347155017361
64,Isomap,8,100.24381522381809
65,Isomap,1,135.30926701838953
65,Isomap,2,3.932140111866636
65,Isomap,3,5.084252958887662
65,Isomap,4,6.736010148927694
65,Isomap,5,4.161253711774932
65,Isomap,6,8.099706639654887
65,Isomap,7,2.420473551784122
65,Isomap,8,17.91236924736693
66,Isomap,1,591.1538425679319
66,Isomap,2,7.850623113922781
66,Isomap,3,142.75221757486887
66,Isomap,4,13.24565963949077
66,Isomap,5,0.8096264229833202
66,Isomap,6,4.477056997424744
66,Isomap,7,297.49262640853726
66,Isomap,8,50.89839409953371
67,Isomap,1,5647.283826084827
67,Isomap,2,9.173710867294028
67,Isomap,3,102.10240813760964
67,Isomap,4,29.100813527868304
67,Isomap,5,77.78370885293337
67,Isomap,6,51.94349710908544
67,Isomap,7,1048.9708808861874
67,Isomap,8,147.93233098435442
68,Isomap,1,1754.3558475432355
68,Isomap,2,5.689526264500203
68,Isomap,3,19.173999859612703
68,Isomap,4,5.763152617228838
68,Isomap,5,125.9501449512502
68,Isomap,6,29.52572508841081
68,Isomap,7,1159.1422834805253
68,Isomap,8,1843.256083679908
69,Isomap,1,4747.755140679691
69,Isomap,2,5.600892725545183
69,Isomap,3,3.6963349316942886
69,Isomap,4,2.1909021134349764
69,Isomap,5,27.155418660010543
69,Isomap,6,383.11603024157046
69,Isomap,7,101.30567127881523
69,Isomap,8,113.04234058530332
70,Isomap,1,1156.4733762598362
70,Isomap,2,6.585065031598141
70,Isomap,3,3.0145313799831435
70,Isomap,4,7.058892520210166
70,Isomap,5,4.935753663389241
70,Isomap,6,2.2159925233381546
70,Isomap,7,45.084310056179135
70,Isomap,8,22.2243314559266
71,Isomap,1,1190.181389947737
71,Isomap,2,5.782019349283295
71,Isomap,3,5.164569735993987
71,Isomap,4,99.92998262600095
71,Isomap,5,11.64919178365711
71,Isomap,6,8.923544888384823
71,Isomap,7,44.28533035793874
71,Isomap,8,4.867245423012207
72,Isomap,1,667.5352335564876
72,Isomap,2,5.591063659899853
72,Isomap,3,3.8099004589065064
72,Isomap,4,3.011862238171521
72,Isomap,5,443.7905368556385
72,Isomap,6,27.888493512889937
72,Isomap,7,1597.8951018089035
72,Isomap,8,92.98587770678881
73,Isomap,1,1999.294463426685
73,Isomap,2,16.33830855668736
73,Isomap,3,27.58409714777773
73,Isomap,4,345.1160769014407
73,Isomap,5,26.363492140848233
73,Isomap,6,323.0831483847718
73,Isomap,7,63.16367242046499
73,Isomap,8,27.891611117041332
74,Isomap,1,362.55302167499195
74,Isomap,2,6.874631646612789
74,Isomap,3,1.0529686519570067
74,Isomap,4,985.2706876588285
74,Isomap,5,14.122411220786892
74,Isomap,6,59.34228207119377
74,Isomap,7,28.066200152659988
74,Isomap,8,55.067957007520256
75,Isomap,1,291.63170559811266
75,Isomap,2,5.09011902134671
75,Isomap,3,6.436851444509323
75,Isomap,4,5.3853338463598455
75,Isomap,5,5.367116025298114
75,Isomap,6,4.271697291622388
75,Isomap,7,3.8608125365507537
75,Isomap,8,9.033515866638417
76,Isomap,1,5244.898829741604
76,Isomap,2,26.95770113121148
76,Isomap,3,11.481539449869938
76,Isomap,4,22.767210108101125
76,Isomap,5,67.2006050908669
76,Isomap,6,259.26224300322474
76,Isomap,7,164.0199608402107
76,Isomap,8,103.99355459989711
77,Isomap,1,148.99672569183815
77,Isomap,2,26.06518152218326
77,Isomap,3,2.6245574281263093
77,Isomap,4,8.298230483991977
77,Isomap,5,9.616991596808358
77,Isomap,6,16.81321500595714
77,Isomap,7,16.00777714470751
77,Isomap,8,39.88070693465
78,Isomap,1,178.1440251567282
78,Isomap,2,10.621631234964632
78,Isomap,3,5.878883517606976
78,Isomap,4,6.026562560967096
78,Isomap,5,24.970097350690832
78,Isomap,6,2.5843955467565425
78,Isomap,7,9.16534477983595
78,Isomap,8,147.39540541173267
79,Isomap,1,24930.231989043048
79,Isomap,2,84.37903611206261
79,Isomap,3,847.4816370823261
79,Isomap,4,246.89241172589888
79,Isomap,5,39.687939434059906
79,Isomap,6,99.37688704416446
79,Isomap,7,39.71840418010843
79,Isomap,8,136.82171165633451
80,Isomap,1,21093.378524952717
80,Isomap,2,14.68025603037011
80,Isomap,3,296.22256195248593
80,Isomap,4,31.152852208824225
80,Isomap,5,12.725313116169447
80,Isomap,6,4.922878300912561
80,Isomap,7,238.8753115698926
80,Isomap,8,137.21825351125727
81,Isomap,1,105.76870977087427
81,Isomap,2,17.962915564481413
81,Isomap,3,4.451429087770506
81,Isomap,4,1.1570433553520592
81,Isomap,5,1.999184970790861
81,Isomap,6,11.056724655703372
81,Isomap,7,4.866575586223171
81,Isomap,8,315.4287731668262
82,Isomap,1,2349.665969479029
82,Isomap,2,421.5397884870856
82,Isomap,3,16.094103546131084
82,Isomap,4,38.770276934110534
82,Isomap,5,34.88789130109264
82,Isomap,6,12.803209227082194
82,Isomap,7,27.953159797007206
82,Isomap,8,95.74929657700551
83,Isomap,1,313.80749219198634
83,Isomap,2,10.999886290031299
83,Isomap,3,7.146725970837729
83,Isomap,4,7.189051133472179
83,Isomap,5,7.603734132634253
83,Isomap,6,121.60669444123133
83,Isomap,7,12.509659710932853
83,Isomap,8,1.1594310620492319
84,Isomap,1,332.77459534923486
84,Isomap,2,3.439024694190396
84,Isomap,3,23.23060059106891
84,Isomap,4,1.7035151400830082
84,Isomap,5,2.475789390180567
84,Isomap,6,1.9485597533019139
84,Isomap,7,114.59448587225691
84,Isomap,8,113.04647785345294
85,Isomap,1,63182.718045148
85,Isomap,2,18.390005068410687
85,Isomap,3,32.4167788254603
85,Isomap,4,14.708070294091511
85,Isomap,5,15.669425204989365
85,Isomap,6,250.44821125016597
85,Isomap,7,542.8970740819492
85,Isomap,8,249.1912826676124
86,Isomap,1,10884.117111159509
86,Isomap,2,28.631988854638095
86,Isomap,3,76.07120182101542
86,Isomap,4,483.62476540978565
86,Isomap,5,47.75761413881005
86,Isomap,6,30.76661682031435
86,Isomap,7,4443.658243720354
86,Isomap,8,367.75380770536617
87,Isomap,1,8170.24251961537
87,Isomap,2,16.88833610778024
87,Isomap,3,87.0840081471241
87,Isomap,4,316.80865946564046
87,Isomap,5,260.6601697971793
87,Isomap,6,76.53961640686661
87,Isomap,7,9718.331677826469
87,Isomap,8,472.0633532928122
88,Isomap,1,1128.3123615861052
88,Isomap,2,29.11618493993589
88,Isomap,3,7.314379821691142
88,Isomap,4,8.906589782216184
88,Isomap,5,16.67201342167208
88,Isomap,6,30.395356670087768
88,Isomap,7,178.6202205885965
88,Isomap,8,112.14773547493758
89,Isomap,1,4632.717155675656
89,Isomap,2,17.993634971133147
89,Isomap,3,7.0450414883835535
89,Isomap,4,41.030428876450635
89,Isomap,5,134.48063787175403
89,Isomap,6,28.81838805682827
89,Isomap,7,16.960143710924186
89,Isomap,8,53.47673088096709
90,Isomap,1,1321.6100651018862
90,Isomap,2,76.48735014901844
90,Isomap,3,12.468320174578219
90,Isomap,4,4.106570517450526
90,Isomap,5,1.7524625262718256
90,Isomap,6,26.669422049918637
90,Isomap,7,28.226619301298584
90,Isomap,8,636.2002139841776
91,Isomap,1,430.50336823937715
91,Isomap,2,10.524636490413169
91,Isomap,3,8.911660075794728
91,Isomap,4,51.67688150368027
91,Isomap,5,33.37907222081361
91,Isomap,6,18.19668478018223
91,Isomap,7,13.776403656712386
91,Isomap,8,4.207807734362926
92,Isomap,1,196.04822472873386
92,Isomap,2,2.683687459119676
92,Isomap,3,8.103557792315424
92,Isomap,4,7.188687584945933
92,Isomap,5,44.21637364732482
92,Isomap,6,944.9082325893386
92,Isomap,7,44.570395737406706
92,Isomap,8,71.06731309088413
93,Isomap,1,476.9201127406385
93,Isomap,2,44.70242979163346
93,Isomap,3,10.036002660634166
93,Isomap,4,47.2824830130436
93,Isomap,5,14.7591814351748
93,Isomap,6,30.544923016458114
93,Isomap,7,29.658317805282465
93,Isomap,8,26.712096039909166
94,Isomap,1,23336.522731442878
94,Isomap,2,403.1879233829194
94,Isomap,3,167.34923484504978
94,Isomap,4,417.485000099186
94,Isomap,5,115.70195756956291
94,Isomap,6,235.00058140524092
94,Isomap,7,297.7395676701804
94,Isomap,8,6304.229678832379
95,Isomap,1,398.1513943629287
95,Isomap,2,3.503379954092746
95,Isomap,3,5.740946400408401
95,Isomap,4,134.52406214855208
95,Isomap,5,11.078447642046061
95,Isomap,6,254.42892744266828
95,Isomap,7,44.69794481567509
95,Isomap,8,214.97205348228982
96,Isomap,1,7241.48895359621
96,Isomap,2,352.0373116451125
96,Isomap,3,58.765876679804656
96,Isomap,4,15.160229003196795
96,Isomap,5,50.89778244810678
96,Isomap,6,62.779025859287486
96,Isomap,7,6.018527739946672
96,Isomap,8,570.9667467085824
97,Isomap,1,1202.2032075996688
97,Isomap,2,91.56822346813271
97,Isomap,3,15.49315512078193
97,Isomap,4,9.560396749049797
97,Isomap,5,4.418750874656023
97,Isomap,6,286.99812066185495
97,Isomap,7,35.117642922810724
97,Isomap,8,112.4563601312056
98,Isomap,1,4101.936159502812
98,Isomap,2,23.156622542831997
98,Isomap,3,10.235576903724429
98,Isomap,4,26.02778040080649
98,Isomap,5,27.22143033648271
98,Isomap,6,11.666096587048864
98,Isomap,7,19.220229385654996
98,Isomap,8,94.75146672789879
99,Isomap,1,2528.7853007727326
99,Isomap,2,51.23422422371941
99,Isomap,3,148.5328086448048
99,Isomap,4,26.36048189431915
99,Isomap,5,143.56971062989646
99,Isomap,6,12321.309160413124
99,Isomap,7,144.08394985802894
99,Isomap,8,159.71212211023885
100,Isomap,1,15194.195008555052
100,Isomap,2,94.70973437788071
100,Isomap,3,128.89391570956525
100,Isomap,4,13.612916602966948
100,Isomap,5,5.585977509048521
100,Isomap,6,74.66972997941156
100,Isomap,7,5892.879072231906
100,Isomap,8,329.35160588213074
101,Isomap,1,6740.136062461576
101,Isomap,2,7.52349972371977
101,Isomap,3,76.63314196169445
101,Isomap,4,10.077683972261037
101,Isomap,5,8.159448525368024
101,Isomap,6,36.96618648641339
101,Isomap,7,15.710270954755837
101,Isomap,8,415.0688065972749
102,Isomap,1,311.7165225090807
102,Isomap,2,3.050975605966259
102,Isomap,3,0.6837542598906314
102,Isomap,4,5.745608064451745
102,Isomap,5,3.465703715914486
102,Isomap,6,15.590868280788978
102,Isomap,7,21.64616480041208
102,Isomap,8,87.3901038817296
103,Isomap,1,188.0364883715528
103,Isomap,2,1.3412970344425463
103,Isomap,3,90.63572728198703
103,Isomap,4,91.1912886446105
103,Isomap,5,17.35839466612445
103,Isomap,6,162.6050671345502
103,Isomap,7,40.547914961622
103,Isomap,8,123.22964059512904
104,Isomap,1,274.0403924599365
104,Isomap,2,11.048023051600731
104,Isomap,3,1.605348833803523
104,Isomap,4,28.482004726039186
104,Isomap,5,18.247824815020934
104,Isomap,6,5.104693372682098
104,Isomap,7,5.0141945508694885
104,Isomap,8,25.20715063824457
105,Isomap,1,3028.607680681166
105,Isomap,2,580.4457575445713
105,Isomap,3,22.233871472339317
105,Isomap,4,73.6028123774281
105,Isomap,5,37.34805010355337
105,Isomap,6,112.78877552026759
105,Isomap,7,100.39389686243281
105,Isomap,8,50.39385007570349
106,Isomap,1,1347.0380307778005
106,Isomap,2,9.89695356228669
106,Isomap,3,12.329539762846448
106,Isomap,4,59.27450128369184
106,Isomap,5,13.892275038974372
106,Isomap,6,22.549562800532605
106,Isomap,7,9.28572845913958
106,Isomap,8,137.4322389608434
107,Isomap,1,1153.6278659255725
107,Isomap,2,4.111725220427085
107,Isomap,3,3.762446824191683
107,Isomap,4,77.20560711806542
107,Isomap,5,14.470522555746584
107,Isomap,6,20.764417887637407
107,Isomap,7,96.45977265123881
107,Isomap,8,40.45829823917937
108,Isomap,1,282.8127669554207
108,Isomap,2,7.247176270366317
108,Isomap,3,4.35211687790813
108,Isomap,4,273.8272293717704
108,Isomap,5,20.043070058079415
108,Isomap,6,52.39541113409745
108,Isomap,7,575.869466805843
108,Isomap,8,558.9865550914608
109,Isomap,1,509.910116249452
109,Isomap,2,7.381955402080618
109,Isomap,3,11.972478905540397
109,Isomap,4,3.833376140770772
109,Isomap,5,1.307911760060697
109,Isomap,6,10.46973869192643
109,Isomap,7,32.622649721303034
109,Isomap,8,12.344509126284859
110,Isomap,1,5458.143725256346
110,Isomap,2,730.3298134250069
110,Isomap,3,55.171361975252466
110,Isomap,4,71.51933697084748
110,Isomap,5,122.57291679167895
110,Isomap,6,354.3947379190679
110,Isomap,7,111.14536599984743
110,Isomap,8,84.8629169131154
111,Isomap,1,1699.3424537233882
111,Isomap,2,11.216520992980335
111,Isomap,3,49.130061508663445
111,Isomap,4,2.0472949390851807
111,Isomap,5,66.60832505775409
111,Isomap,6,207.5027419124196
111,Isomap,7,115.27796541577605
111,Isomap,8,32.021714246326205
112,Isomap,1,263.2772609518686
112,Isomap,2,2.31237292977236
112,Isomap,3,0.516655349222451
112,Isomap,4,13.38075510465005
112,Isomap,5,4.366669769289849
112,Isomap,6,12.444717606900488
112,Isomap,7,20.17541975117697
112,Isomap,8,20.13734655468298
113,Isomap,1,761.7759809160829
113,Isomap,2,3.2551221574130613
113,Isomap,3,6.318796505872098
113,Isomap,4,72.18267923396027
113,Isomap,5,10.945552934846038
113,Isomap,6,79.751736247943
113,Isomap,7,17.119457275086816
113,Isomap,8,35.95761408742404
114,Isomap,1,109.88020906411924
114,Isomap,2,1434.2557373428126
114,Isomap,3,6.655518265412099
114,Isomap,4,3.3040603238248254
114,Isomap,5,1.3239643629090996
114,Isomap,6,3.0225272419061238
114,Isomap,7,12.01288760197034
114,Isomap,8,23.827922048736774
115,Isomap,1,1545.9271235351976
115,Isomap,2,12.682345764488744
115,Isomap,3,3.9055041466025884
115,Isomap,4,4.454493929078226
115,Isomap,5,1.9576646722209328
115,Isomap,6,24.245131587617312
115,Isomap,7,7.866349160609689
115,Isomap,8,54.8478110481115
116,Isomap,1,15499.611764675865
116,Isomap,2,88.9332311022268
116,Isomap,3,16.824375237968606
116,Isomap,4,361.8926676980739
116,Isomap,5,46.51946721961871
116,Isomap,6,184.37372012939764
116,Isomap,7,257.76870869376603
116,Isomap,8,70.4800910552663
117,Isomap,1,915.6023379276887
117,Isomap,2,10.406204310862858
117,Isomap,3,71.64644016423206
117,Isomap,4,93.9827389028226
117,Isomap,5,49.440070588549254
117,Isomap,6,222.66549976760584
117,Isomap,7,172.0183660119096
117,Isomap,8,252.93970079888305
118,Isomap,1,1095.63315026741
118,Isomap,2,145.40359272627714
118,Isomap,3,11.475422809067023
118,Isomap,4,371.7446763333359
118,Isomap,5,193.21032093374026
118,Isomap,6,302.11261754865995
118,Isomap,7,128.09511575941917
118,Isomap,8,302.08578014389997
119,Isomap,1,327.29311454462476
119,Isomap,2,75.8469453434663
119,Isomap,3,13.554732363718307
119,Isomap,4,120.50836072006572
119,Isomap,5,208.42766022531382
119,Isomap,6,206.08772113753017
119,Isomap,7,82.82735180087502
119,Isomap,8,140.5560099013223
120,Isomap,1,1138.813487822194
120,Isomap,2,36.60069767833865
120,Isomap,3,92.56387415751435
120,Isomap,4,59.422327951418694
120,Isomap,5,29.73557778801594
120,Isomap,6,343.9114011092191
120,Isomap,7,166.8811984920959
120,Isomap,8,208.9893852176218
121,Isomap,1,9809.061749295282
121,Isomap,2,38.824592208295165
121,Isomap,3,10.239850568212514
121,Isomap,4,65.3986517447678
121,Isomap,5,36.321875802639475
121,Isomap,6,18.612138093599985
121,Isomap,7,25.216238436536766
121,Isomap,8,219.63707975596205
122,Isomap,1,2351.118234847836
122,Isomap,2,77.70195118363195
122,Isomap,3,23.44780649873978
122,Isomap,4,37.767690791018595
122,Isomap,5,6.353023015436184
122,Isomap,6,21.830890866956814
122,Isomap,7,3.0043092941222906
122,Isomap,8,292.5938983592428
123,Isomap,1,1765.9709901876538
123,Isomap,2,10.586750642856071
123,Isomap,3,27.200923928827127
123,Isomap,4,161.5542998532937
123,Isomap,5,51.4034927586219
123,Isomap,6,2834.4661104075212
123,Isomap,7,532.3935694552091
123,Isomap,8,206.19836684828684
124,Isomap,1,2168.2759405463535
124,Isomap,2,11.998972738462115
124,Isomap,3,18.855493677303034
124,Isomap,4,41.38950954543329
124,Isomap,5,6.668264054433542
124,Isomap,6,6.909697616277946
124,Isomap,7,31.84391207166653
124,Isomap,8,625.6057198007251
125,Isomap,1,283.8777142549252
125,Isomap,2,3.184252786287319
125,Isomap,3,26.211945225945282
125,Isomap,4,10.53857296306631
125,Isomap,5,5.54746347081977
125,Isomap,6,0.6239094507746886
125,Isomap,7,3.9082154045871356
125,Isomap,8,17.030603612132392
126,Isomap,1,4428.696433087385
126,Isomap,2,14.033691124583811
126,Isomap,3,129.20471224307673
126,Isomap,4,69.7259185532763
126,Isomap,5,42.45729826010123
126,Isomap,6,28.8221032855318
126,Isomap,7,154.83203435874603
126,Isomap,8,181.9459958560121
127,Isomap,1,6750.831364744239
127,Isomap,2,16.537479187863717
127,Isomap,3,125.12115732809428
127,Isomap,4,1169.5031121637253
127,Isomap,5,32.4655812372683
127,Isomap,6,148.81273471652426
127,Isomap,7,560.2770894315388
127,Isomap,8,138.4101588181696
128,Isomap,1,9983.71262419108
128,Isomap,2,12.071024748475626
128,Isomap,3,2.90588935655646
128,Isomap,4,6.340620293427529
128,Isomap,5,52.10797194770999
128,Isomap,6,33.25677329594102
128,Isomap,7,416.8576293410149
128,Isomap,8,641.1625094822135
129,Isomap,1,925.5330030727333
129,Isomap,2,74.40659147692823
129,Isomap,3,66.40086992523396
129,Isomap,4,150.4038838416804
129,Isomap,5,397.0321165825719
129,Isomap,6,94.54389441127044
129,Isomap,7,71.7099770316567
129,Isomap,8,92.18766564175505
130,Isomap,1,527.9682738738022
130,Isomap,2,8.057341659240864
130,Isomap,3,13.218461473605593
130,Isomap,4,8.4446373150415
130,Isomap,5,200.2038998738396
130,Isomap,6,92.94627292190751
130,Isomap,7,181.32852482815156
130,Isomap,8,80.57039810425971
131,Isomap,1,48139.14490245035
131,Isomap,2,28.330686550631103
131,Isomap,3,38.74721995789339
131,Isomap,4,120.60918837155465
131,Isomap,5,181.65636077548098
131,Isomap,6,23.67652375662084
131,Isomap,7,1211.801002145126
131,Isomap,8,326.1628502390347
132,Isomap,1,412.15423449237414
132,Isomap,2,3.9524857049145465
132,Isomap,3,3.60855976600276
132,Isomap,4,5.467024525501594
132,Isomap,5,3.726038815909698
132,Isomap,6,3.9285489332538694
132,Isomap,7,9.521354805414152
132,Isomap,8,57.14772490002881
133,Isomap,1,1815.3488580524088
133,Isomap,2,18.566718358330093
133,Isomap,3,9.464284660369481
133,Isomap,4,7.93198980071212
133,Isomap,5,7.096911165659448
133,Isomap,6,17.15255179000847
133,Isomap,7,7.322227016171524
133,Isomap,8,10.65244235188918
134,Isomap,1,2748.441027052811
134,Isomap,2,24.467450434997154
134,Isomap,3,4.046809859842771
134,Isomap,4,31.760281742286068
134,Isomap,5,95.08979920729205
134,Isomap,6,34.79087625333603
134,Isomap,7,105.7193221483233
134,Isomap,8,124.35149569582657
135,Isomap,1,862.4652317936634
135,Isomap,2,58.634871939215955
135,Isomap,3,894.3738091918647
135,Isomap,4,149.76333732528738
135,Isomap,5,51.38669811268898
135,Isomap,6,84.76206644520755
135,Isomap,7,322.5223345656372
135,Isomap,8,322.79698902352453
136,Isomap,1,359.12308102711756
136,Isomap,2,16.828295691904977
136,Isomap,3,2.9149277631059443
136,Isomap,4,40.7371392120349
136,Isomap,5,287.69240210895526
136,Isomap,6,63.61222717557541
136,Isomap,7,217.6297491181407
136,Isomap,8,37.53057340639074
137,Isomap,1,2716.8393400154273
137,Isomap,2,12.101261362889897
137,Isomap,3,5.0550731643750755
137,Isomap,4,75.0981043635339
137,Isomap,5,12.982054201076345
137,Isomap,6,21.997893728724236
137,Isomap,7,112.372450769087
137,Isomap,8,109.29921667851615
138,Isomap,1,2410.8195126589276
138,Isomap,2,2.5285584642909993
138,Isomap,3,13.447801038262872
138,Isomap,4,17.84531513471468
138,Isomap,5,8.960570458786906
138,Isomap,6,22.131837215372233
138,Isomap,7,5.993214942031973
138,Isomap,8,97.75101620347873
139,Isomap,1,163.13273687690582
139,Isomap,2,16.46833477534706
139,Isomap,3,5.822703924320571
139,Isomap,4,4.369890221072741
139,Isomap,5,16.864565683076265
139,Isomap,6,18.173881250180344
139,Isomap,7,51.30125942422402
139,Isomap,8,18.855481550993982
140,Isomap,1,695.7313534444329
140,Isomap,2,10.598708480147303
140,Isomap,3,4.6298577880160074
140,Isomap,4,10.56151076447294
140,Isomap,5,2.519144688860314
140,Isomap,6,2.1086454341119074
140,Isomap,7,0.3908380368497599
140,Isomap,8,26.76602250254057
141,Isomap,1,490.50891410230986
141,Isomap,2,8.446658872570422
141,Isomap,3,8.397547612005788
141,Isomap,4,0.5200326506071477
141,Isomap,5,8.23592782598967
141,Isomap,6,8.488255719174106
141,Isomap,7,1.0526589675803115
141,Isomap,8,899.2775745362038
142,Isomap,1,5432.8450110773365
142,Isomap,2,210.3011945530248
142,Isomap,3,21.718321107559383
142,Isomap,4,29.06354409817794
142,Isomap,5,3.0766329342517245
142,Isomap,6,7.924411672160846
142,Isomap,7,124.52219527774356
142,Isomap,8,105.08850653501332
143,Isomap,1,899.1824473991578
143,Isomap,2,4.381509575664563
143,Isomap,3,5.384269978965243
143,Isomap,4,10.345941969352069
143,Isomap,5,4.104469515768607
143,Isomap,6,24.534936913754333
143,Isomap,7,258.2728963478945
143,Isomap,8,102.11107217536662
144,Isomap,1,31778.618014887743
144,Isomap,2,39.753508012994494
144,Isomap,3,15.6198657645876
144,Isomap,4,54.3979516772792
144,Isomap,5,55.74971115591541
144,Isomap,6,68.5875081013197
144,Isomap,7,49.776745834404274
144,Isomap,8,127.88289015339458
145,Isomap,1,1232.9973021408657
145,Isomap,2,12.171360557972779
145,Isomap,3,25.9661273523855
145,Isomap,4,28.01170823620843
145,Isomap,5,11.42016091744119
145,Isomap,6,47.838835921869034
145,Isomap,7,63.48022797109246
145,Isomap,8,53.11350374114263
146,Isomap,1,1438.8236415227943
146,Isomap,2,6.394174712721344
146,Isomap,3,1.9647396442938392
146,Isomap,4,4.036179816005641
146,Isomap,5,14.207290803532057
146,Isomap,6,18.16091522827321
146,Isomap,7,25.245591445160635
146,Isomap,8,384.76299600821335
147,Isomap,1,205.8983058882817
147,Isomap,2,2.854209245985264
147,Isomap,3,7.1480041273285835
147,Isomap,4,4.678581306084713
147,Isomap,5,4.145989449604774
147,Isomap,6,1.57610679492956
147,Isomap,7,0.517865472173795
147,Isomap,8,24.84151719753042
148,Isomap,1,342.2898051876121
148,Isomap,2,119.51015523443297
148,Isomap,3,20.463124017160826
148,Isomap,4,4.712568519323014
148,Isomap,5,15.341731548849545
148,Isomap,6,3093.936871144895
148,Isomap,7,76.8747819659878
148,Isomap,8,6927.520623874901
149,Isomap,1,1967.1556251966485
149,Isomap,2,12.867081756894663
149,Isomap,3,3.7243749186593296
149,Isomap,4,40.28663708182562
149,Isomap,5,131.8975720769127
149,Isomap,6,26.45802096238555
149,Isomap,7,14.590272273293923
149,Isomap,8,749.8880209348544
